DATE,MORTPTS30US
1971-05-28,1.00
1971-06-03,.
1971-06-10,.
1971-06-18,1.20
1971-06-24,.
1971-07-01,.
1971-07-08,.
1971-07-16,1.20
1971-07-22,.
1971-07-29,.
1971-08-05,.
1971-08-12,.
1971-08-20,1.30
1971-08-26,.
1971-09-02,.
1971-09-09,.
1971-09-17,1.10
1971-09-23,.
1971-09-30,.
1971-10-07,.
1971-10-14,.
1971-10-22,1.10
1971-10-28,.
1971-11-04,.
1971-11-11,.
1971-11-19,1.00
1971-11-25,.
1971-12-02,.
1971-12-09,.
1971-12-16,.
1971-12-23,.
1971-12-31,1.00
1972-01-07,1.00
1972-01-14,0.90
1972-01-21,1.00
1972-01-28,0.90
1972-02-04,0.90
1972-02-11,0.90
1972-02-18,0.90
1972-02-25,0.90
1972-03-03,0.90
1972-03-10,1.00
1972-03-17,0.90
1972-03-24,0.90
1972-03-31,0.90
1972-04-07,0.90
1972-04-14,0.90
1972-04-21,0.90
1972-04-28,1.00
1972-05-05,0.80
1972-05-12,0.90
1972-05-19,0.90
1972-05-26,0.90
1972-06-02,1.00
1972-06-09,1.00
1972-06-16,0.90
1972-06-23,0.90
1972-06-30,0.80
1972-07-07,0.90
1972-07-14,0.90
1972-07-21,0.90
1972-07-28,1.00
1972-08-04,0.90
1972-08-11,0.90
1972-08-18,0.90
1972-08-25,0.90
1972-09-01,1.00
1972-09-08,0.90
1972-09-15,0.90
1972-09-22,1.00
1972-09-29,1.00
1972-10-06,0.90
1972-10-13,0.90
1972-10-20,1.00
1972-10-27,1.00
1972-11-03,1.00
1972-11-10,1.00
1972-11-17,1.00
1972-11-24,0.90
1972-12-01,1.00
1972-12-08,1.00
1972-12-15,1.00
1972-12-22,1.00
1972-12-29,0.90
1973-01-05,0.90
1973-01-12,0.90
1973-01-19,0.90
1973-01-26,0.90
1973-02-02,0.90
1973-02-09,1.00
1973-02-16,0.90
1973-02-23,1.00
1973-03-02,1.00
1973-03-09,0.90
1973-03-16,0.90
1973-03-23,0.90
1973-03-30,0.90
1973-04-06,1.00
1973-04-13,0.90
1973-04-20,0.90
1973-04-27,0.90
1973-05-04,0.90
1973-05-11,0.90
1973-05-18,0.90
1973-05-24,0.90
1973-06-01,0.90
1973-06-08,0.90
1973-06-15,0.90
1973-06-22,0.90
1973-06-29,0.90
1973-07-06,0.90
1973-07-13,1.00
1973-07-20,0.90
1973-07-27,1.00
1973-08-03,1.00
1973-08-10,1.10
1973-08-17,1.00
1973-08-24,1.00
1973-08-31,1.10
1973-09-07,1.10
1973-09-14,1.10
1973-09-21,1.10
1973-09-28,1.10
1973-10-05,1.10
1973-10-12,1.10
1973-10-19,1.00
1973-10-26,1.00
1973-11-02,1.00
1973-11-09,1.00
1973-11-16,1.00
1973-11-23,1.00
1973-11-30,1.00
1973-12-07,1.00
1973-12-14,1.00
1973-12-21,1.00
1973-12-28,1.00
1974-01-04,1.00
1974-01-11,1.00
1974-01-18,1.00
1974-01-25,1.00
1974-02-01,1.00
1974-02-08,1.00
1974-02-15,1.00
1974-02-22,1.00
1974-03-01,1.00
1974-03-08,1.00
1974-03-15,1.00
1974-03-22,1.00
1974-03-29,1.00
1974-04-05,1.00
1974-04-12,1.00
1974-04-19,1.00
1974-04-26,1.00
1974-05-03,1.00
1974-05-10,1.00
1974-05-17,1.10
1974-05-24,1.10
1974-05-31,1.20
1974-06-07,1.20
1974-06-14,1.10
1974-06-21,1.20
1974-06-28,1.30
1974-07-05,1.30
1974-07-12,1.30
1974-07-19,1.20
1974-07-26,1.20
1974-08-02,1.30
1974-08-09,1.30
1974-08-16,1.20
1974-08-23,1.30
1974-08-30,1.30
1974-09-06,1.40
1974-09-13,1.40
1974-09-20,1.40
1974-09-27,1.40
1974-10-04,1.50
1974-10-11,1.50
1974-10-18,1.50
1974-10-25,1.50
1974-11-01,1.50
1974-11-08,1.40
1974-11-15,1.30
1974-11-22,1.30
1974-11-29,1.40
1974-12-06,1.30
1974-12-13,1.30
1974-12-20,1.30
1974-12-27,1.20
1975-01-03,1.20
1975-01-10,1.20
1975-01-17,1.20
1975-01-24,1.30
1975-01-31,1.20
1975-02-07,1.30
1975-02-14,1.20
1975-02-21,1.20
1975-02-28,1.10
1975-03-07,1.10
1975-03-14,1.10
1975-03-21,1.10
1975-03-28,1.10
1975-04-04,1.00
1975-04-11,1.00
1975-04-18,1.00
1975-04-25,1.00
1975-05-02,1.10
1975-05-09,1.00
1975-05-16,1.10
1975-05-23,1.10
1975-05-30,1.10
1975-06-06,1.00
1975-06-13,1.00
1975-06-20,1.00
1975-06-27,1.10
1975-07-03,1.10
1975-07-11,1.10
1975-07-18,1.10
1975-07-25,1.10
1975-08-01,1.10
1975-08-08,1.10
1975-08-15,1.10
1975-08-22,1.10
1975-08-29,1.10
1975-09-05,1.10
1975-09-12,1.10
1975-09-19,1.20
1975-09-26,1.10
1975-10-03,1.10
1975-10-10,1.10
1975-10-17,1.10
1975-10-24,1.10
1975-10-31,1.20
1975-11-07,1.20
1975-11-14,1.10
1975-11-21,1.10
1975-11-28,1.10
1975-12-05,1.10
1975-12-12,1.10
1975-12-19,1.10
1975-12-26,1.10
1976-01-02,1.10
1976-01-09,1.10
1976-01-16,1.10
1976-01-23,1.10
1976-01-30,1.00
1976-02-06,0.90
1976-02-13,0.90
1976-02-20,0.90
1976-02-27,1.10
1976-03-05,1.30
1976-03-12,1.30
1976-03-19,1.30
1976-03-26,1.30
1976-04-02,1.30
1976-04-09,1.30
1976-04-16,1.30
1976-04-23,1.30
1976-04-30,1.30
1976-05-07,1.30
1976-05-14,1.30
1976-05-21,1.30
1976-05-28,1.30
1976-06-04,1.30
1976-06-11,1.30
1976-06-18,1.30
1976-06-25,1.30
1976-07-02,1.30
1976-07-09,1.20
1976-07-16,1.20
1976-07-23,1.10
1976-07-30,1.20
1976-08-06,1.20
1976-08-13,1.20
1976-08-20,1.20
1976-08-27,1.20
1976-09-03,1.20
1976-09-10,1.20
1976-09-17,1.20
1976-09-24,1.20
1976-10-01,1.20
1976-10-08,1.20
1976-10-15,1.20
1976-10-22,1.10
1976-10-29,1.10
1976-11-05,1.30
1976-11-12,1.30
1976-11-19,1.30
1976-11-26,1.30
1976-12-03,1.30
1976-12-10,1.20
1976-12-17,1.20
1976-12-24,1.20
1976-12-31,1.20
1977-01-07,1.10
1977-01-14,1.10
1977-01-21,1.10
1977-01-28,1.10
1977-02-04,1.10
1977-02-11,1.10
1977-02-18,1.20
1977-02-25,1.10
1977-03-04,1.20
1977-03-11,1.20
1977-03-18,1.20
1977-03-25,1.20
1977-04-01,1.10
1977-04-08,1.20
1977-04-15,1.10
1977-04-22,1.10
1977-04-29,1.10
1977-05-06,1.20
1977-05-13,1.10
1977-05-20,1.10
1977-05-27,1.10
1977-06-03,1.10
1977-06-10,1.10
1977-06-17,1.10
1977-06-24,1.10
1977-07-01,1.10
1977-07-08,1.10
1977-07-15,1.10
1977-07-22,1.10
1977-07-29,1.10
1977-08-05,1.10
1977-08-12,1.10
1977-08-19,1.10
1977-08-26,1.10
1977-09-02,1.10
1977-09-09,1.10
1977-09-16,1.10
1977-09-23,1.10
1977-09-30,1.20
1977-10-07,1.20
1977-10-14,1.20
1977-10-21,1.20
1977-10-28,1.10
1977-11-04,1.10
1977-11-11,1.10
1977-11-18,1.10
1977-11-25,1.20
1977-12-02,1.10
1977-12-09,1.20
1977-12-16,1.30
1977-12-23,1.30
1977-12-30,1.20
1978-01-06,1.30
1978-01-13,1.20
1978-01-20,1.30
1978-01-27,1.30
1978-02-03,1.30
1978-02-10,1.30
1978-02-17,1.30
1978-02-24,1.30
1978-03-03,1.30
1978-03-10,1.30
1978-03-17,1.30
1978-03-24,1.30
1978-03-31,1.30
1978-04-07,1.30
1978-04-14,1.30
1978-04-21,1.20
1978-04-28,1.20
1978-05-05,1.20
1978-05-12,1.40
1978-05-19,1.30
1978-05-26,1.40
1978-06-02,1.40
1978-06-09,1.40
1978-06-16,1.40
1978-06-23,1.40
1978-06-30,1.40
1978-07-07,1.50
1978-07-14,1.50
1978-07-21,1.30
1978-07-28,1.30
1978-08-04,1.30
1978-08-11,1.30
1978-08-18,1.30
1978-08-25,1.30
1978-09-01,1.30
1978-09-08,1.30
1978-09-15,1.30
1978-09-22,1.40
1978-09-29,1.40
1978-10-06,1.20
1978-10-13,1.20
1978-10-20,1.20
1978-10-27,1.20
1978-11-03,1.20
1978-11-10,1.20
1978-11-17,1.20
1978-11-24,1.30
1978-12-01,1.40
1978-12-08,1.40
1978-12-15,1.40
1978-12-22,1.40
1978-12-29,1.40
1979-01-05,1.50
1979-01-12,1.50
1979-01-19,1.50
1979-01-26,1.50
1979-02-02,1.50
1979-02-09,1.50
1979-02-16,1.50
1979-02-23,1.50
1979-03-02,1.50
1979-03-09,1.50
1979-03-16,1.50
1979-03-23,1.60
1979-03-30,1.60
1979-04-06,1.60
1979-04-13,1.60
1979-04-20,1.20
1979-04-27,1.60
1979-05-04,1.60
1979-05-11,1.60
1979-05-18,1.60
1979-05-25,1.60
1979-06-01,1.60
1979-06-08,1.60
1979-06-15,1.60
1979-06-22,1.70
1979-06-29,1.60
1979-07-06,1.70
1979-07-13,1.70
1979-07-20,1.60
1979-07-27,1.60
1979-08-03,1.60
1979-08-10,1.60
1979-08-17,1.70
1979-08-24,1.70
1979-08-31,1.70
1979-09-07,1.70
1979-09-14,1.60
1979-09-21,1.60
1979-09-28,1.60
1979-10-05,1.60
1979-10-12,1.60
1979-10-19,1.70
1979-10-26,1.70
1979-11-02,1.70
1979-11-09,1.70
1979-11-16,1.70
1979-11-23,1.70
1979-11-30,1.60
1979-12-07,1.60
1979-12-14,1.60
1979-12-21,1.60
1979-12-28,1.60
1980-01-04,1.60
1980-01-11,1.60
1980-01-18,1.60
1980-01-25,1.60
1980-02-01,1.60
1980-02-08,1.60
1980-02-15,1.60
1980-02-22,1.60
1980-02-29,1.80
1980-03-07,1.90
1980-03-14,1.90
1980-03-21,2.00
1980-03-28,2.10
1980-04-04,2.00
1980-04-11,1.90
1980-04-18,1.90
1980-04-25,1.90
1980-05-02,1.90
1980-05-09,1.80
1980-05-16,1.80
1980-05-23,1.90
1980-05-30,1.90
1980-06-06,1.80
1980-06-13,1.80
1980-06-20,1.90
1980-06-27,1.70
1980-07-04,1.70
1980-07-11,1.70
1980-07-18,1.80
1980-07-25,1.80
1980-08-01,1.80
1980-08-08,1.80
1980-08-15,1.70
1980-08-22,1.70
1980-08-29,1.70
1980-09-05,1.70
1980-09-12,1.80
1980-09-19,1.70
1980-09-26,1.70
1980-10-03,1.80
1980-10-10,1.70
1980-10-17,1.80
1980-10-24,1.70
1980-10-31,1.70
1980-11-07,1.70
1980-11-14,1.70
1980-11-21,1.70
1980-11-28,1.70
1980-12-05,1.70
1980-12-12,1.70
1980-12-19,1.70
1980-12-26,1.70
1981-01-02,2.00
1981-01-09,2.00
1981-01-16,2.00
1981-01-23,2.00
1981-01-30,2.00
1981-02-06,2.00
1981-02-13,2.00
1981-02-20,2.00
1981-02-27,2.00
1981-03-06,2.00
1981-03-13,2.10
1981-03-20,2.00
1981-03-27,2.00
1981-04-03,2.00
1981-04-10,2.00
1981-04-17,2.00
1981-04-24,2.10
1981-05-01,1.90
1981-05-08,2.10
1981-05-15,2.10
1981-05-22,2.10
1981-05-29,2.10
1981-06-05,2.10
1981-06-12,2.00
1981-06-19,2.10
1981-06-26,2.10
1981-07-03,2.10
1981-07-10,2.20
1981-07-17,2.10
1981-07-24,2.10
1981-07-31,2.20
1981-08-07,2.00
1981-08-14,2.10
1981-08-21,2.10
1981-08-28,2.10
1981-09-04,2.00
1981-09-11,2.10
1981-09-18,2.20
1981-09-25,2.20
1981-10-02,2.40
1981-10-09,2.20
1981-10-16,2.30
1981-10-21,2.20
1981-10-22,.
1981-10-30,2.30
1981-11-06,2.10
1981-11-13,2.10
1981-11-20,2.20
1981-11-27,2.10
1981-12-04,2.10
1981-12-11,2.10
1981-12-18,2.00
1981-12-25,2.00
1981-12-31,2.10
1982-01-08,2.10
1982-01-15,2.20
1982-01-22,2.20
1982-01-29,2.20
1982-02-05,2.20
1982-02-12,2.20
1982-02-19,2.30
1982-02-26,2.20
1982-03-05,2.20
1982-03-12,2.30
1982-03-19,2.20
1982-03-26,2.20
1982-04-02,2.20
1982-04-09,2.30
1982-04-16,2.30
1982-04-23,2.30
1982-04-30,2.40
1982-05-07,2.30
1982-05-14,2.40
1982-05-21,2.30
1982-05-28,2.30
1982-06-04,2.20
1982-06-11,2.20
1982-06-18,2.10
1982-06-25,2.30
1982-07-02,2.30
1982-07-09,2.30
1982-07-16,2.20
1982-07-23,2.20
1982-07-30,2.20
1982-08-06,2.20
1982-08-13,2.20
1982-08-20,2.30
1982-08-27,2.30
1982-09-03,2.20
1982-09-10,2.30
1982-09-17,2.30
1982-09-24,2.20
1982-10-01,2.30
1982-10-08,2.20
1982-10-15,2.20
1982-10-22,2.20
1982-10-29,2.20
1982-11-05,2.20
1982-11-12,2.30
1982-11-19,2.10
1982-11-26,2.10
1982-12-03,2.20
1982-12-10,2.20
1982-12-17,2.20
1982-12-24,2.10
1982-12-31,2.30
1983-01-07,2.20
1983-01-14,2.20
1983-01-21,2.20
1983-01-28,2.00
1983-02-04,2.00
1983-02-11,1.90
1983-02-18,2.00
1983-02-25,1.90
1983-03-04,2.10
1983-03-11,2.10
1983-03-18,2.20
1983-03-25,2.20
1983-04-01,2.20
1983-04-08,2.20
1983-04-15,2.20
1983-04-22,2.00
1983-04-29,2.10
1983-05-06,2.10
1983-05-13,2.10
1983-05-20,2.10
1983-05-27,2.10
1983-06-03,2.20
1983-06-10,2.00
1983-06-17,2.10
1983-06-24,2.10
1983-07-01,2.10
1983-07-08,2.10
1983-07-15,2.20
1983-07-22,2.20
1983-07-29,2.20
1983-08-05,2.20
1983-08-12,2.20
1983-08-19,2.20
1983-08-26,2.20
1983-09-02,2.20
1983-09-09,2.20
1983-09-16,2.20
1983-09-23,2.20
1983-09-30,2.20
1983-10-07,2.20
1983-10-14,2.20
1983-10-21,2.10
1983-10-28,2.00
1983-11-04,2.10
1983-11-11,2.10
1983-11-18,2.20
1983-11-25,2.10
1983-12-02,2.10
1983-12-09,2.20
1983-12-16,2.10
1983-12-23,2.20
1983-12-30,2.20
1984-01-06,2.30
1984-01-13,2.30
1984-01-20,2.30
1984-01-27,2.30
1984-02-03,2.50
1984-02-10,2.40
1984-02-17,2.40
1984-02-24,2.40
1984-03-02,2.40
1984-03-09,2.40
1984-03-16,2.40
1984-03-23,2.40
1984-03-30,2.40
1984-04-06,2.40
1984-04-13,2.40
1984-04-20,2.50
1984-04-27,2.40
1984-05-04,2.40
1984-05-11,2.50
1984-05-18,2.50
1984-05-25,2.50
1984-06-01,2.40
1984-06-08,2.50
1984-06-15,2.50
1984-06-22,2.50
1984-06-29,2.50
1984-07-06,2.40
1984-07-13,2.60
1984-07-20,2.60
1984-07-27,2.70
1984-08-03,2.60
1984-08-10,2.60
1984-08-17,2.60
1984-08-24,2.60
1984-08-31,2.60
1984-09-07,2.60
1984-09-14,2.50
1984-09-21,2.70
1984-09-28,2.50
1984-10-05,2.60
1984-10-12,2.60
1984-10-19,2.60
1984-10-26,2.60
1984-11-02,2.50
1984-11-09,2.50
1984-11-16,2.50
1984-11-23,2.50
1984-11-30,2.40
1984-12-07,2.60
1984-12-14,2.50
1984-12-21,2.50
1984-12-28,2.50
1985-01-04,2.50
1985-01-11,2.50
1985-01-18,2.50
1985-01-25,2.50
1985-02-01,2.40
1985-02-08,2.40
1985-02-15,2.50
1985-02-22,2.40
1985-03-01,2.50
1985-03-08,2.60
1985-03-15,2.60
1985-03-22,2.70
1985-03-29,2.70
1985-04-05,2.70
1985-04-12,2.60
1985-04-19,2.60
1985-04-26,2.50
1985-05-03,2.60
1985-05-10,2.60
1985-05-17,2.50
1985-05-24,2.50
1985-05-31,2.50
1985-06-07,2.50
1985-06-14,2.50
1985-06-21,2.60
1985-06-28,2.50
1985-07-05,2.60
1985-07-12,2.50
1985-07-19,2.40
1985-07-26,2.60
1985-08-02,2.60
1985-08-09,2.60
1985-08-16,2.70
1985-08-23,2.50
1985-08-30,2.70
1985-09-06,2.50
1985-09-13,2.50
1985-09-20,2.50
1985-09-27,2.70
1985-10-04,2.60
1985-10-11,2.50
1985-10-18,2.50
1985-10-25,2.40
1985-11-01,2.40
1985-11-08,2.40
1985-11-15,2.40
1985-11-22,2.30
1985-11-29,2.30
1985-12-06,2.40
1985-12-13,2.30
1985-12-20,2.30
1985-12-27,2.20
1986-01-03,2.30
1986-01-10,2.30
1986-01-17,2.40
1986-01-24,2.30
1986-01-31,2.40
1986-02-07,2.30
1986-02-14,2.40
1986-02-21,2.30
1986-02-28,2.20
1986-03-07,2.30
1986-03-14,2.30
1986-03-21,2.30
1986-03-28,2.30
1986-04-04,2.30
1986-04-11,2.30
1986-04-18,2.10
1986-04-25,2.20
1986-05-02,2.20
1986-05-09,2.20
1986-05-16,2.30
1986-05-23,2.40
1986-05-30,2.30
1986-06-06,2.30
1986-06-13,2.30
1986-06-20,2.20
1986-06-27,2.20
1986-07-04,2.20
1986-07-11,2.20
1986-07-18,2.20
1986-07-25,2.20
1986-08-01,2.10
1986-08-08,2.20
1986-08-15,2.10
1986-08-22,2.10
1986-08-29,2.10
1986-09-05,2.20
1986-09-12,2.10
1986-09-19,2.10
1986-09-26,2.20
1986-10-03,2.10
1986-10-10,2.10
1986-10-17,2.10
1986-10-24,2.20
1986-10-31,2.10
1986-11-07,2.10
1986-11-14,2.00
1986-11-21,2.00
1986-11-28,2.00
1986-12-05,2.00
1986-12-12,2.10
1986-12-19,2.10
1986-12-26,2.10
1987-01-02,2.20
1987-01-09,2.20
1987-01-16,2.10
1987-01-23,2.20
1987-01-30,2.20
1987-02-06,2.10
1987-02-13,2.10
1987-02-20,2.10
1987-02-27,2.10
1987-03-06,2.00
1987-03-13,2.10
1987-03-20,2.10
1987-03-27,2.00
1987-04-03,2.20
1987-04-10,2.30
1987-04-17,2.30
1987-04-24,2.20
1987-05-01,2.20
1987-05-08,2.20
1987-05-15,2.30
1987-05-22,2.30
1987-05-29,2.30
1987-06-05,2.30
1987-06-12,2.20
1987-06-19,2.20
1987-06-26,2.20
1987-07-03,2.20
1987-07-10,2.20
1987-07-17,2.20
1987-07-24,2.10
1987-07-31,2.20
1987-08-07,2.00
1987-08-14,2.00
1987-08-21,2.20
1987-08-28,2.10
1987-09-04,2.20
1987-09-11,2.20
1987-09-18,2.30
1987-09-25,2.20
1987-10-02,2.30
1987-10-09,2.20
1987-10-16,2.30
1987-10-23,2.20
1987-10-30,2.20
1987-11-06,2.10
1987-11-13,2.10
1987-11-20,2.00
1987-11-27,2.00
1987-12-04,2.10
1987-12-11,2.20
1987-12-18,2.20
1987-12-25,2.20
1987-12-31,2.00
1988-01-08,2.00
1988-01-15,2.00
1988-01-22,2.00
1988-01-29,2.00
1988-02-05,2.00
1988-02-12,2.10
1988-02-19,2.10
1988-02-26,2.10
1988-03-04,2.00
1988-03-11,2.00
1988-03-18,2.00
1988-03-25,2.10
1988-04-01,2.10
1988-04-08,2.20
1988-04-15,2.10
1988-04-22,2.20
1988-04-29,2.10
1988-05-06,2.20
1988-05-13,2.10
1988-05-20,2.10
1988-05-27,2.10
1988-06-03,2.10
1988-06-10,2.00
1988-06-17,2.00
1988-06-24,2.00
1988-07-01,2.00
1988-07-08,2.00
1988-07-15,2.00
1988-07-22,2.10
1988-07-29,2.10
1988-08-05,2.00
1988-08-12,2.20
1988-08-19,2.30
1988-08-26,2.20
1988-09-02,2.40
1988-09-09,2.10
1988-09-16,2.00
1988-09-23,2.00
1988-09-30,2.10
1988-10-07,1.90
1988-10-14,1.90
1988-10-21,1.90
1988-10-28,1.90
1988-11-04,1.90
1988-11-11,2.00
1988-11-18,2.20
1988-11-25,2.10
1988-12-02,2.10
1988-12-09,2.00
1988-12-16,2.20
1988-12-23,2.20
1988-12-30,2.20
1989-01-06,2.20
1989-01-13,2.10
1989-01-20,2.00
1989-01-27,2.10
1989-02-03,2.10
1989-02-10,2.00
1989-02-17,2.20
1989-02-24,2.30
1989-03-03,2.30
1989-03-10,2.20
1989-03-17,2.10
1989-03-24,2.20
1989-03-31,2.20
1989-04-07,2.20
1989-04-14,2.20
1989-04-21,2.10
1989-04-28,2.10
1989-05-05,2.10
1989-05-12,2.20
1989-05-19,2.00
1989-05-26,2.00
1989-06-02,2.00
1989-06-09,2.10
1989-06-16,2.10
1989-06-23,2.10
1989-06-30,2.10
1989-07-07,2.10
1989-07-14,2.10
1989-07-21,2.00
1989-07-28,2.10
1989-08-04,2.00
1989-08-11,2.10
1989-08-18,2.10
1989-08-25,2.00
1989-09-01,1.90
1989-09-08,2.00
1989-09-15,2.00
1989-09-22,2.00
1989-09-29,2.10
1989-10-06,2.10
1989-10-13,2.00
1989-10-20,2.00
1989-10-27,2.00
1989-11-03,2.00
1989-11-10,1.90
1989-11-17,2.00
1989-11-24,2.00
1989-12-01,2.00
1989-12-08,2.00
1989-12-15,1.90
1989-12-22,2.00
1989-12-29,2.00
1990-01-05,2.00
1990-01-12,2.00
1990-01-19,2.10
1990-01-26,2.10
1990-02-02,2.10
1990-02-09,2.10
1990-02-16,2.10
1990-02-23,2.10
1990-03-02,2.10
1990-03-09,2.10
1990-03-16,2.00
1990-03-23,2.00
1990-03-30,2.10
1990-04-06,2.00
1990-04-13,2.00
1990-04-20,2.10
1990-04-27,2.10
1990-05-04,2.10
1990-05-11,2.00
1990-05-18,2.00
1990-05-25,2.00
1990-06-01,2.00
1990-06-08,2.00
1990-06-15,2.00
1990-06-22,2.00
1990-06-29,2.00
1990-07-06,1.90
1990-07-13,2.00
1990-07-20,2.00
1990-07-27,2.00
1990-08-03,1.90
1990-08-10,2.10
1990-08-17,2.00
1990-08-24,2.10
1990-08-31,2.10
1990-09-07,2.00
1990-09-14,2.00
1990-09-21,2.10
1990-09-28,2.20
1990-10-05,2.10
1990-10-12,2.20
1990-10-19,2.20
1990-10-26,2.10
1990-11-02,2.10
1990-11-09,2.10
1990-11-16,2.00
1990-11-23,2.10
1990-11-30,2.00
1990-12-07,1.90
1990-12-14,1.90
1990-12-21,1.90
1990-12-28,2.00
1991-01-04,1.90
1991-01-11,2.10
1991-01-18,2.20
1991-01-25,2.00
1991-02-01,2.00
1991-02-08,1.90
1991-02-15,2.00
1991-02-22,2.10
1991-03-01,2.10
1991-03-08,2.10
1991-03-15,2.00
1991-03-22,2.10
1991-03-29,2.10
1991-04-05,2.00
1991-04-12,2.00
1991-04-19,2.00
1991-04-26,2.10
1991-05-03,1.90
1991-05-10,1.90
1991-05-17,2.10
1991-05-24,2.00
1991-05-31,1.90
1991-06-07,2.00
1991-06-14,2.20
1991-06-21,2.00
1991-06-28,2.10
1991-07-05,2.00
1991-07-12,2.00
1991-07-19,2.00
1991-07-26,1.90
1991-08-02,2.00
1991-08-09,1.80
1991-08-16,1.90
1991-08-23,1.90
1991-08-30,1.90
1991-09-06,1.90
1991-09-13,1.90
1991-09-20,1.90
1991-09-27,1.80
1991-10-04,1.80
1991-10-11,1.80
1991-10-18,1.90
1991-10-25,1.90
1991-11-01,1.80
1991-11-08,1.70
1991-11-15,1.80
1991-11-22,1.80
1991-11-29,1.90
1991-12-06,1.80
1991-12-13,1.70
1991-12-20,1.80
1991-12-27,1.80
1992-01-03,1.70
1992-01-10,1.60
1992-01-17,1.80
1992-01-24,1.80
1992-01-31,2.10
1992-02-07,1.70
1992-02-14,1.90
1992-02-21,1.90
1992-02-28,1.80
1992-03-06,1.90
1992-03-13,1.90
1992-03-20,1.80
1992-03-27,1.80
1992-04-03,1.70
1992-04-10,1.60
1992-04-17,1.60
1992-04-24,1.80
1992-05-01,1.80
1992-05-08,1.60
1992-05-15,1.60
1992-05-22,1.60
1992-05-29,1.80
1992-06-05,1.80
1992-06-12,1.60
1992-06-19,1.60
1992-06-26,1.60
1992-07-03,1.50
1992-07-10,1.50
1992-07-17,1.60
1992-07-24,1.60
1992-07-31,1.70
1992-08-07,1.60
1992-08-14,1.60
1992-08-21,1.70
1992-08-28,1.80
1992-09-04,1.70
1992-09-11,1.60
1992-09-18,1.70
1992-09-24,1.70
1992-10-02,1.60
1992-10-09,1.80
1992-10-16,1.70
1992-10-23,2.00
1992-10-30,1.90
1992-11-06,2.00
1992-11-13,2.00
1992-11-20,1.80
1992-11-27,1.80
1992-12-04,1.80
1992-12-11,1.60
1992-12-18,1.60
1992-12-25,1.50
1992-12-31,1.60
1993-01-08,1.60
1993-01-15,1.60
1993-01-22,1.70
1993-01-29,1.50
1993-02-05,1.50
1993-02-12,1.60
1993-02-19,1.50
1993-02-26,1.50
1993-03-05,1.50
1993-03-12,1.60
1993-03-19,1.70
1993-03-26,1.70
1993-04-02,1.70
1993-04-09,1.80
1993-04-16,1.60
1993-04-23,1.60
1993-04-30,1.80
1993-05-07,1.70
1993-05-14,1.80
1993-05-21,1.80
1993-05-28,1.80
1993-06-04,1.70
1993-06-11,1.70
1993-06-18,1.60
1993-06-25,1.50
1993-07-02,1.50
1993-07-09,1.60
1993-07-16,1.60
1993-07-23,1.70
1993-07-30,1.70
1993-08-06,1.60
1993-08-13,1.50
1993-08-20,1.40
1993-08-27,1.40
1993-09-03,1.40
1993-09-10,1.40
1993-09-17,1.60
1993-09-24,1.60
1993-10-01,1.50
1993-10-08,1.50
1993-10-15,1.50
1993-10-22,1.50
1993-10-29,1.50
1993-11-05,1.40
1993-11-12,1.50
1993-11-19,1.60
1993-11-26,1.70
1993-12-04,1.70
1993-12-10,1.60
1993-12-17,1.70
1993-12-24,1.70
1993-12-31,1.60
1994-01-07,1.60
1994-01-14,1.70
1994-01-21,1.70
1994-01-28,1.70
1994-02-04,1.70
1994-02-11,1.80
1994-02-18,1.80
1994-02-25,1.70
1994-03-04,1.70
1994-03-11,1.60
1994-03-18,1.70
1994-03-25,1.70
1994-04-01,1.70
1994-04-08,1.70
1994-04-15,1.80
1994-04-22,1.80
1994-04-29,1.80
1994-05-06,1.80
1994-05-13,1.80
1994-05-20,1.80
1994-05-27,1.80
1994-06-03,1.80
1994-06-10,1.80
1994-06-17,1.80
1994-06-24,1.80
1994-07-01,1.70
1994-07-08,1.80
1994-07-15,1.80
1994-07-22,1.80
1994-07-29,1.90
1994-08-05,1.80
1994-08-12,1.80
1994-08-19,1.80
1994-08-26,1.80
1994-09-02,1.80
1994-09-09,1.80
1994-09-16,1.80
1994-09-23,1.80
1994-09-30,1.80
1994-10-07,1.80
1994-10-14,1.80
1994-10-21,1.80
1994-10-28,1.80
1994-11-04,1.90
1994-11-11,1.80
1994-11-18,1.80
1994-11-25,1.80
1994-12-02,1.80
1994-12-09,1.80
1994-12-16,1.80
1994-12-23,1.80
1994-12-30,1.80
1995-01-06,1.80
1995-01-13,1.80
1995-01-20,1.80
1995-01-27,1.90
1995-02-03,1.80
1995-02-10,1.90
1995-02-17,1.90
1995-02-24,1.90
1995-03-03,1.80
1995-03-10,1.90
1995-03-17,1.80
1995-03-24,1.80
1995-03-31,1.80
1995-04-07,1.90
1995-04-14,1.90
1995-04-21,1.90
1995-04-28,1.90
1995-05-05,1.90
1995-05-12,1.80
1995-05-19,1.80
1995-05-26,1.80
1995-06-02,1.80
1995-06-09,1.70
1995-06-16,1.80
1995-06-23,1.80
1995-06-30,1.80
1995-07-07,1.80
1995-07-14,1.70
1995-07-21,1.70
1995-07-28,1.80
1995-08-04,1.80
1995-08-11,1.80
1995-08-18,1.80
1995-08-25,1.90
1995-09-01,1.80
1995-09-08,1.80
1995-09-15,1.80
1995-09-22,1.80
1995-09-29,1.80
1995-10-06,1.80
1995-10-13,1.90
1995-10-20,1.90
1995-10-27,1.80
1995-11-03,1.80
1995-11-09,1.80
1995-11-17,1.80
1995-11-24,1.80
1995-12-01,1.90
1995-12-08,1.80
1995-12-15,1.80
1995-12-22,1.80
1995-12-29,1.70
1996-01-05,1.80
1996-01-12,1.70
1996-01-19,1.70
1996-01-26,1.80
1996-02-02,1.80
1996-02-09,1.70
1996-02-16,1.70
1996-02-23,1.70
1996-03-01,1.80
1996-03-08,1.80
1996-03-15,1.70
1996-03-22,1.70
1996-03-29,1.80
1996-04-05,1.70
1996-04-12,1.80
1996-04-19,1.80
1996-04-26,1.80
1996-05-03,1.80
1996-05-10,1.80
1996-05-17,1.70
1996-05-24,1.70
1996-05-31,1.70
1996-06-07,1.70
1996-06-14,1.70
1996-06-21,1.70
1996-06-28,1.70
1996-07-05,1.80
1996-07-12,1.70
1996-07-19,1.80
1996-07-26,1.70
1996-08-02,1.70
1996-08-09,1.70
1996-08-16,1.70
1996-08-23,1.70
1996-08-30,1.70
1996-09-06,1.70
1996-09-13,1.70
1996-09-20,1.70
1996-09-27,1.70
1996-10-04,1.70
1996-10-11,1.70
1996-10-18,1.70
1996-10-25,1.80
1996-11-01,1.80
1996-11-08,1.70
1996-11-15,1.80
1996-11-22,1.80
1996-11-29,1.80
1996-12-06,1.70
1996-12-13,1.70
1996-12-20,1.80
1996-12-27,1.70
1997-01-03,1.70
1997-01-10,1.80
1997-01-17,1.80
1997-01-24,1.80
1997-01-31,1.80
1997-02-07,1.70
1997-02-14,1.70
1997-02-21,1.70
1997-02-28,1.70
1997-03-07,1.70
1997-03-14,1.70
1997-03-21,1.80
1997-03-28,1.80
1997-04-04,1.70
1997-04-11,1.80
1997-04-18,1.70
1997-04-25,1.70
1997-05-02,1.70
1997-05-09,1.60
1997-05-16,1.60
1997-05-23,1.70
1997-05-30,1.70
1997-06-06,1.70
1997-06-13,1.70
1997-06-20,1.70
1997-06-27,1.70
1997-07-04,1.80
1997-07-11,1.80
1997-07-18,1.80
1997-07-25,1.70
1997-08-01,1.70
1997-08-08,1.70
1997-08-15,1.80
1997-08-22,1.70
1997-08-29,1.70
1997-09-05,1.70
1997-09-12,1.70
1997-09-19,1.70
1997-09-26,1.70
1997-10-03,1.70
1997-10-10,1.70
1997-10-17,1.70
1997-10-24,1.80
1997-10-31,1.70
1997-11-07,1.70
1997-11-14,1.70
1997-11-21,1.70
1997-11-28,1.80
1997-12-05,1.80
1997-12-12,1.80
1997-12-19,1.80
1997-12-26,1.80
1998-01-02,1.80
1998-01-09,1.40
1998-01-16,1.30
1998-01-23,1.20
1998-01-30,1.20
1998-02-06,1.20
1998-02-13,1.30
1998-02-20,1.20
1998-02-28,1.20
1998-03-06,1.20
1998-03-13,1.20
1998-03-20,1.10
1998-03-27,1.10
1998-04-03,1.10
1998-04-10,1.00
1998-04-17,1.00
1998-04-24,1.00
1998-05-01,1.10
1998-05-08,1.10
1998-05-15,1.10
1998-05-22,1.00
1998-05-29,1.00
1998-06-05,1.00
1998-06-12,1.00
1998-06-19,1.00
1998-06-26,1.00
1998-07-03,1.00
1998-07-10,1.10
1998-07-17,1.10
1998-07-24,1.10
1998-07-31,1.10
1998-08-07,1.10
1998-08-14,1.10
1998-08-21,1.10
1998-08-28,1.10
1998-09-04,1.00
1998-09-11,1.00
1998-09-18,0.90
1998-09-25,1.00
1998-10-02,1.00
1998-10-09,1.00
1998-10-16,0.90
1998-10-23,0.90
1998-10-30,0.90
1998-11-06,0.90
1998-11-13,1.00
1998-11-20,0.90
1998-11-27,0.90
1998-12-04,0.90
1998-12-11,0.90
1998-12-18,1.00
1998-12-25,1.00
1998-12-31,1.00
1999-01-08,0.90
1999-01-15,1.00
1999-01-22,0.90
1999-01-29,0.90
1999-02-05,1.00
1999-02-12,1.00
1999-02-19,1.00
1999-02-26,1.00
1999-03-05,1.00
1999-03-12,0.80
1999-03-19,0.90
1999-03-26,0.90
1999-04-02,0.90
1999-04-09,1.00
1999-04-16,1.00
1999-04-23,1.00
1999-04-30,1.00
1999-05-07,1.00
1999-05-14,1.00
1999-05-21,1.00
1999-05-28,1.00
1999-06-04,1.00
1999-06-11,1.00
1999-06-18,1.00
1999-06-25,1.00
1999-07-02,1.00
1999-07-09,1.00
1999-07-16,1.00
1999-07-23,1.00
1999-07-30,1.00
1999-08-06,1.00
1999-08-13,1.00
1999-08-20,1.00
1999-08-27,1.00
1999-09-03,0.90
1999-09-10,1.00
1999-09-17,1.00
1999-09-24,1.00
1999-10-01,1.00
1999-10-08,1.00
1999-10-15,1.00
1999-10-22,1.00
1999-10-29,1.00
1999-11-05,1.00
1999-11-12,1.00
1999-11-19,1.00
1999-11-26,1.00
1999-12-03,1.00
1999-12-10,1.00
1999-12-17,1.00
1999-12-24,1.00
1999-12-31,1.00
2000-01-07,1.00
2000-01-14,1.00
2000-01-21,1.00
2000-01-28,1.00
2000-02-04,1.00
2000-02-11,1.00
2000-02-18,0.90
2000-02-25,1.00
2000-03-03,1.00
2000-03-10,0.90
2000-03-17,1.00
2000-03-24,1.00
2000-03-31,1.00
2000-04-07,1.00
2000-04-14,0.90
2000-04-21,1.00
2000-04-28,1.00
2000-05-05,1.00
2000-05-12,1.00
2000-05-19,1.00
2000-05-26,1.00
2000-06-02,0.90
2000-06-09,0.90
2000-06-16,1.00
2000-06-23,1.00
2000-06-30,0.90
2000-07-07,1.00
2000-07-14,0.90
2000-07-21,0.90
2000-07-28,0.90
2000-08-04,1.00
2000-08-11,0.90
2000-08-18,1.00
2000-08-25,1.00
2000-09-01,1.00
2000-09-08,1.00
2000-09-15,1.00
2000-09-22,1.00
2000-09-29,1.00
2000-10-06,1.00
2000-10-13,1.00
2000-10-20,0.90
2000-10-27,1.00
2000-11-03,0.90
2000-11-10,0.90
2000-11-17,0.90
2000-11-24,0.90
2000-12-01,0.90
2000-12-08,1.00
2000-12-15,0.90
2000-12-22,1.00
2000-12-29,1.00
2001-01-05,1.00
2001-01-12,0.90
2001-01-19,0.90
2001-01-26,0.80
2001-02-02,1.00
2001-02-09,1.00
2001-02-16,0.90
2001-02-23,0.90
2001-03-02,0.90
2001-03-09,0.90
2001-03-16,0.90
2001-03-23,1.00
2001-03-30,0.90
2001-04-06,0.90
2001-04-13,0.80
2001-04-20,0.90
2001-04-27,1.00
2001-05-04,0.90
2001-05-11,0.90
2001-05-18,1.00
2001-05-25,1.00
2001-06-01,0.90
2001-06-08,1.00
2001-06-15,0.90
2001-06-22,1.00
2001-06-29,1.00
2001-07-06,0.90
2001-07-13,0.90
2001-07-20,0.90
2001-07-27,0.90
2001-08-03,0.90
2001-08-10,0.90
2001-08-17,0.90
2001-08-24,0.90
2001-08-31,0.90
2001-09-07,0.90
2001-09-14,0.90
2001-09-21,0.90
2001-09-28,0.90
2001-10-05,0.80
2001-10-12,0.90
2001-10-19,0.90
2001-10-26,0.80
2001-11-02,0.90
2001-11-09,0.80
2001-11-16,0.80
2001-11-23,0.80
2001-11-30,0.70
2001-12-07,0.70
2001-12-14,0.80
2001-12-21,0.70
2001-12-28,0.80
2002-01-04,0.80
2002-01-11,0.80
2002-01-18,0.70
2002-01-25,0.70
2002-02-01,0.70
2002-02-08,0.70
2002-02-15,0.70
2002-02-22,0.70
2002-03-01,0.70
2002-03-08,0.70
2002-03-15,0.70
2002-03-22,0.70
2002-03-29,0.70
2002-04-05,0.70
2002-04-12,0.80
2002-04-19,0.70
2002-04-26,0.70
2002-05-03,0.70
2002-05-10,0.70
2002-05-17,0.70
2002-05-24,0.70
2002-05-31,0.80
2002-06-07,0.70
2002-06-14,0.70
2002-06-21,0.50
2002-06-28,0.50
2002-07-05,0.50
2002-07-12,0.50
2002-07-19,0.60
2002-07-26,0.60
2002-08-02,0.60
2002-08-09,0.60
2002-08-16,0.60
2002-08-23,0.70
2002-08-30,0.70
2002-09-06,0.60
2002-09-13,0.60
2002-09-20,0.70
2002-09-27,0.60
2002-10-04,0.50
2002-10-11,0.60
2002-10-18,0.50
2002-10-25,0.60
2002-11-01,0.60
2002-11-08,0.60
2002-11-15,0.60
2002-11-22,0.60
2002-11-29,0.60
2002-12-06,0.50
2002-12-13,0.50
2002-12-20,0.60
2002-12-27,0.60
2003-01-03,0.60
2003-01-10,0.50
2003-01-17,0.60
2003-01-24,0.60
2003-01-31,0.60
2003-02-07,0.70
2003-02-14,0.60
2003-02-21,0.60
2003-02-28,0.60
2003-03-07,0.60
2003-03-14,0.60
2003-03-21,0.60
2003-03-28,0.60
2003-04-04,0.60
2003-04-11,0.60
2003-04-18,0.60
2003-04-25,0.60
2003-05-02,0.60
2003-05-09,0.70
2003-05-16,0.60
2003-05-23,0.70
2003-05-30,0.60
2003-06-06,0.50
2003-06-13,0.50
2003-06-20,0.60
2003-06-27,0.60
2003-07-04,0.50
2003-07-11,0.60
2003-07-18,0.50
2003-07-25,0.40
2003-08-01,0.50
2003-08-08,0.70
2003-08-15,0.70
2003-08-22,0.80
2003-08-29,0.70
2003-09-05,0.60
2003-09-12,0.60
2003-09-19,0.50
2003-09-26,0.60
2003-10-03,0.60
2003-10-10,0.60
2003-10-17,0.50
2003-10-24,0.70
2003-10-31,0.60
2003-11-07,0.70
2003-11-14,0.60
2003-11-21,0.60
2003-11-28,0.60
2003-12-05,0.60
2003-12-12,0.70
2003-12-19,0.70
2003-12-26,0.70
2003-12-31,0.70
2004-01-01,.
2004-01-08,0.70
2004-01-15,0.60
2004-01-22,0.60
2004-01-29,0.70
2004-02-05,0.60
2004-02-12,0.70
2004-02-19,0.60
2004-02-26,0.70
2004-03-04,0.70
2004-03-11,0.60
2004-03-18,0.70
2004-03-25,0.70
2004-04-01,0.60
2004-04-08,0.70
2004-04-15,0.60
2004-04-22,0.70
2004-04-29,0.70
2004-05-06,0.70
2004-05-13,0.70
2004-05-20,0.70
2004-05-27,0.60
2004-06-03,0.70
2004-06-10,0.70
2004-06-17,0.50
2004-06-24,0.60
2004-07-01,0.60
2004-07-08,0.60
2004-07-15,0.60
2004-07-22,0.60
2004-07-29,0.60
2004-08-05,0.70
2004-08-12,0.60
2004-08-19,0.70
2004-08-26,0.70
2004-09-02,0.80
2004-09-09,0.80
2004-09-16,0.80
2004-09-23,0.70
2004-09-30,0.60
2004-10-07,0.60
2004-10-14,0.60
2004-10-21,0.70
2004-10-28,0.70
2004-11-04,0.60
2004-11-11,0.70
2004-11-18,0.60
2004-11-24,0.60
2004-11-25,.
2004-12-02,0.60
2004-12-09,0.70
2004-12-16,0.60
2004-12-22,0.60
2004-12-23,.
2004-12-29,0.60
2004-12-30,.
2005-01-06,0.70
2005-01-13,0.60
2005-01-20,0.70
2005-01-27,0.60
2005-02-03,0.70
2005-02-10,0.80
2005-02-17,0.70
2005-02-24,0.70
2005-03-03,0.70
2005-03-10,0.60
2005-03-17,0.70
2005-03-24,0.70
2005-03-31,0.70
2005-04-07,0.70
2005-04-14,0.70
2005-04-21,0.50
2005-04-28,0.60
2005-05-05,0.60
2005-05-12,0.50
2005-05-19,0.70
2005-05-26,0.60
2005-06-02,0.60
2005-06-09,0.60
2005-06-16,0.50
2005-06-23,0.60
2005-06-30,0.60
2005-07-07,0.60
2005-07-14,0.60
2005-07-21,0.40
2005-07-28,0.50
2005-08-04,0.60
2005-08-11,0.50
2005-08-18,0.50
2005-08-25,0.50
2005-09-01,0.60
2005-09-08,0.60
2005-09-15,0.60
2005-09-22,0.60
2005-09-29,0.50
2005-10-06,0.50
2005-10-13,0.60
2005-10-20,0.50
2005-10-27,0.50
2005-11-03,0.50
2005-11-10,0.50
2005-11-17,0.60
2005-11-23,0.60
2005-11-24,.
2005-12-01,0.50
2005-12-08,0.60
2005-12-15,0.50
2005-12-22,0.60
2005-12-29,0.50
2006-01-05,0.50
2006-01-12,0.60
2006-01-19,0.50
2006-01-26,0.50
2006-02-02,0.50
2006-02-09,0.60
2006-02-16,0.50
2006-02-23,0.60
2006-03-02,0.60
2006-03-09,0.60
2006-03-16,0.70
2006-03-23,0.60
2006-03-30,0.50
2006-04-06,0.60
2006-04-13,0.60
2006-04-20,0.60
2006-04-27,0.50
2006-05-04,0.60
2006-05-11,0.50
2006-05-18,0.50
2006-05-25,0.40
2006-06-01,0.40
2006-06-08,0.50
2006-06-15,0.50
2006-06-22,0.50
2006-06-29,0.50
2006-07-06,0.50
2006-07-13,0.60
2006-07-20,0.50
2006-07-27,0.30
2006-08-03,0.30
2006-08-10,0.40
2006-08-17,0.30
2006-08-24,0.40
2006-08-31,0.40
2006-09-07,0.40
2006-09-14,0.50
2006-09-21,0.50
2006-09-28,0.40
2006-10-05,0.30
2006-10-12,0.50
2006-10-19,0.50
2006-10-26,0.40
2006-11-02,0.40
2006-11-09,0.60
2006-11-16,0.50
2006-11-22,0.50
2006-11-23,.
2006-11-30,0.40
2006-12-07,0.50
2006-12-14,0.40
2006-12-21,0.40
2006-12-28,0.40
2007-01-04,0.40
2007-01-11,0.40
2007-01-18,0.40
2007-01-25,0.40
2007-02-01,0.40
2007-02-08,0.30
2007-02-15,0.40
2007-02-22,0.50
2007-03-01,0.40
2007-03-08,0.50
2007-03-15,0.40
2007-03-22,0.40
2007-03-29,0.40
2007-04-05,0.40
2007-04-12,0.40
2007-04-19,0.50
2007-04-26,0.50
2007-05-03,0.50
2007-05-10,0.50
2007-05-17,0.40
2007-05-24,0.40
2007-05-31,0.40
2007-06-07,0.40
2007-06-14,0.40
2007-06-21,0.50
2007-06-28,0.40
2007-07-05,0.40
2007-07-12,0.40
2007-07-19,0.40
2007-07-26,0.40
2007-08-02,0.30
2007-08-09,0.40
2007-08-16,0.40
2007-08-23,0.40
2007-08-30,0.50
2007-09-06,0.50
2007-09-13,0.50
2007-09-20,0.50
2007-09-27,0.50
2007-10-04,0.50
2007-10-11,0.40
2007-10-18,0.50
2007-10-25,0.50
2007-11-01,0.40
2007-11-08,0.40
2007-11-15,0.40
2007-11-21,0.50
2007-11-22,.
2007-11-29,0.50
2007-12-06,0.40
2007-12-13,0.50
2007-12-20,0.40
2007-12-27,0.50
2008-01-03,0.50
2008-01-10,0.40
2008-01-17,0.50
2008-01-24,0.40
2008-01-31,0.40
2008-02-07,0.40
2008-02-14,0.40
2008-02-21,0.60
2008-02-28,0.50
2008-03-06,0.50
2008-03-13,0.50
2008-03-20,0.50
2008-03-27,0.40
2008-04-03,0.50
2008-04-10,0.40
2008-04-17,0.40
2008-04-24,0.30
2008-05-01,0.50
2008-05-08,0.30
2008-05-15,0.60
2008-05-22,0.50
2008-05-29,0.60
2008-06-05,0.60
2008-06-12,0.70
2008-06-19,0.70
2008-06-26,0.60
2008-07-03,0.60
2008-07-10,0.60
2008-07-17,0.60
2008-07-24,0.60
2008-07-31,0.70
2008-08-07,0.70
2008-08-14,0.70
2008-08-21,0.70
2008-08-28,0.60
2008-09-04,0.70
2008-09-11,0.70
2008-09-18,0.60
2008-09-25,0.70
2008-10-02,0.60
2008-10-09,0.60
2008-10-16,0.60
2008-10-23,0.60
2008-10-30,0.70
2008-11-06,0.70
2008-11-13,0.70
2008-11-20,0.70
2008-11-26,0.70
2008-11-27,.
2008-12-04,0.70
2008-12-11,0.70
2008-12-18,0.70
2008-12-24,0.80
2008-12-25,.
2008-12-31,0.70
2009-01-01,.
2009-01-08,0.60
2009-01-15,0.70
2009-01-22,0.70
2009-01-29,0.70
2009-02-05,0.80
2009-02-12,0.70
2009-02-19,0.70
2009-02-26,0.70
2009-03-05,0.70
2009-03-12,0.70
2009-03-19,0.70
2009-03-26,0.70
2009-04-02,0.70
2009-04-09,0.70
2009-04-16,0.60
2009-04-23,0.70
2009-04-30,0.70
2009-05-07,0.70
2009-05-14,0.60
2009-05-21,0.70
2009-05-28,0.70
2009-06-04,0.70
2009-06-11,0.70
2009-06-18,0.70
2009-06-25,0.70
2009-07-02,0.70
2009-07-09,0.70
2009-07-16,0.70
2009-07-23,0.70
2009-07-30,0.70
2009-08-06,0.60
2009-08-13,0.70
2009-08-20,0.70
2009-08-27,0.70
2009-09-03,0.70
2009-09-10,0.70
2009-09-17,0.70
2009-09-24,0.60
2009-10-01,0.70
2009-10-08,0.70
2009-10-15,0.70
2009-10-22,0.70
2009-10-29,0.70
2009-11-05,0.70
2009-11-12,0.70
2009-11-19,0.70
2009-11-25,0.70
2009-11-26,.
2009-12-03,0.70
2009-12-10,0.70
2009-12-17,0.70
2009-12-24,0.70
2009-12-31,0.70
2010-01-07,0.70
2010-01-14,0.70
2010-01-21,0.70
2010-01-28,0.60
2010-02-04,0.70
2010-02-11,0.70
2010-02-18,0.70
2010-02-25,0.70
2010-03-04,0.70
2010-03-11,0.70
2010-03-18,0.70
2010-03-25,0.60
2010-04-01,0.70
2010-04-08,0.60
2010-04-15,0.60
2010-04-22,0.70
2010-04-29,0.70
2010-05-06,0.70
2010-05-13,0.70
2010-05-20,0.70
2010-05-27,0.70
2010-06-03,0.80
2010-06-10,0.70
2010-06-17,0.70
2010-06-24,0.70
2010-07-01,0.70
2010-07-08,0.70
2010-07-15,0.70
2010-07-22,0.70
2010-07-29,0.70
2010-08-05,0.70
2010-08-12,0.70
2010-08-19,0.70
2010-08-26,0.70
2010-09-02,0.70
2010-09-09,0.70
2010-09-16,0.70
2010-09-23,0.70
2010-09-30,0.80
2010-10-07,0.80
2010-10-14,0.80
2010-10-21,0.80
2010-10-28,0.80
2010-11-04,0.80
2010-11-11,0.80
2010-11-18,0.90
2010-11-24,0.80
2010-11-25,.
2010-12-02,0.80
2010-12-09,0.70
2010-12-16,0.70
2010-12-23,0.70
2010-12-30,0.80
2011-01-06,0.80
2011-01-13,0.80
2011-01-20,0.80
2011-01-27,0.70
2011-02-03,0.80
2011-02-10,0.70
2011-02-17,0.70
2011-02-24,0.60
2011-03-03,0.70
2011-03-10,0.70
2011-03-17,0.70
2011-03-24,0.70
2011-03-31,0.70
2011-04-07,0.70
2011-04-14,0.60
2011-04-21,0.70
2011-04-28,0.70
2011-05-05,0.70
2011-05-12,0.70
2011-05-19,0.70
2011-05-26,0.70
2011-06-02,0.60
2011-06-09,0.70
2011-06-16,0.70
2011-06-23,0.80
2011-06-30,0.70
2011-07-07,0.70
2011-07-14,0.70
2011-07-21,0.70
2011-07-28,0.80
2011-08-04,0.80
2011-08-11,0.70
2011-08-18,0.70
2011-08-25,0.70
2011-09-01,0.70
2011-09-08,0.70
2011-09-15,0.70
2011-09-22,0.70
2011-09-29,0.70
2011-10-06,0.80
2011-10-13,0.80
2011-10-20,0.80
2011-10-27,0.80
2011-11-03,0.70
2011-11-10,0.70
2011-11-17,0.70
2011-11-23,0.70
2011-11-24,.
2011-12-01,0.70
2011-12-08,0.70
2011-12-15,0.80
2011-12-22,0.70
2011-12-29,0.70
2012-01-05,0.80
2012-01-12,0.70
2012-01-19,0.80
2012-01-26,0.70
2012-02-02,0.80
2012-02-09,0.80
2012-02-16,0.80
2012-02-23,0.80
2012-03-01,0.80
2012-03-08,0.80
2012-03-15,0.80
2012-03-22,0.80
2012-03-29,0.70
2012-04-05,0.70
2012-04-12,0.70
2012-04-19,0.80
2012-04-26,0.70
2012-05-03,0.80
2012-05-10,0.70
2012-05-17,0.70
2012-05-24,0.80
2012-05-31,0.80
2012-06-07,0.70
2012-06-14,0.70
2012-06-21,0.70
2012-06-28,0.70
2012-07-05,0.80
2012-07-12,0.70
2012-07-19,0.70
2012-07-26,0.70
2012-08-02,0.70
2012-08-09,0.60
2012-08-16,0.60
2012-08-23,0.70
2012-08-30,0.60
2012-09-06,0.70
2012-09-13,0.60
2012-09-20,0.60
2012-09-27,0.60
2012-10-04,0.60
2012-10-11,0.70
2012-10-18,0.70
2012-10-25,0.70
2012-11-01,0.70
2012-11-08,0.70
2012-11-15,0.70
2012-11-21,0.70
2012-11-22,.
2012-11-29,0.80
2012-12-06,0.70
2012-12-13,0.70
2012-12-20,0.70
2012-12-27,0.70
2013-01-03,0.70
2013-01-10,0.70
2013-01-17,0.70
2013-01-24,0.70
2013-01-31,0.70
2013-02-07,0.80
2013-02-14,0.80
2013-02-21,0.80
2013-02-28,0.80
2013-03-07,0.70
2013-03-14,0.80
2013-03-21,0.80
2013-03-28,0.80
2013-04-04,0.80
2013-04-11,0.80
2013-04-18,0.70
2013-04-25,0.80
2013-05-02,0.70
2013-05-09,0.70
2013-05-16,0.70
2013-05-23,0.70
2013-05-30,0.80
2013-06-06,0.70
2013-06-13,0.70
2013-06-20,0.80
2013-06-27,0.80
2013-07-03,0.70
2013-07-04,.
2013-07-11,0.80
2013-07-18,0.70
2013-07-25,0.80
2013-08-01,0.70
2013-08-08,0.70
2013-08-15,0.70
2013-08-22,0.80
2013-08-29,0.70
2013-09-05,0.70
2013-09-12,0.80
2013-09-19,0.70
2013-09-26,0.70
2013-10-03,0.70
2013-10-10,0.70
2013-10-17,0.70
2013-10-24,0.80
2013-10-31,0.70
2013-11-07,0.80
2013-11-14,0.70
2013-11-21,0.70
2013-11-27,0.70
2013-11-28,.
2013-12-05,0.50
2013-12-12,0.70
2013-12-19,0.70
2013-12-26,0.70
2014-01-02,0.80
2014-01-09,0.70
2014-01-16,0.70
2014-01-23,0.70
2014-01-30,0.70
2014-02-06,0.70
2014-02-13,0.70
2014-02-20,0.70
2014-02-27,0.70
2014-03-06,0.70
2014-03-13,0.60
2014-03-20,0.60
2014-03-27,0.60
2014-04-03,0.70
2014-04-10,0.70
2014-04-17,0.70
2014-04-24,0.60
2014-05-01,0.70
2014-05-08,0.60
2014-05-15,0.60
2014-05-22,0.60
2014-05-29,0.60
2014-06-05,0.50
2014-06-12,0.60
2014-06-19,0.60
2014-06-26,0.50
2014-07-03,0.50
2014-07-10,0.70
2014-07-17,0.60
2014-07-24,0.60
2014-07-31,0.60
2014-08-07,0.70
2014-08-14,0.60
2014-08-21,0.50
2014-08-28,0.50
2014-09-04,0.50
2014-09-11,0.50
2014-09-18,0.50
2014-09-25,0.50
2014-10-02,0.40
2014-10-09,0.50
2014-10-16,0.50
2014-10-23,0.50
2014-10-30,0.50
2014-11-06,0.50
2014-11-13,0.50
2014-11-20,0.50
2014-11-26,0.50
2014-11-27,.
2014-12-04,0.50
2014-12-11,0.50
2014-12-18,0.60
2014-12-24,0.60
2014-12-25,.
2014-12-31,0.60
2015-01-01,.
2015-01-08,0.60
2015-01-15,0.60
2015-01-22,0.70
2015-01-29,0.60
2015-02-05,0.70
2015-02-12,0.60
2015-02-19,0.60
2015-02-26,0.60
2015-03-05,0.60
2015-03-12,0.60
2015-03-19,0.60
2015-03-26,0.60
2015-04-02,0.60
2015-04-09,0.60
2015-04-16,0.70
2015-04-23,0.60
2015-04-30,0.60
2015-05-07,0.60
2015-05-14,0.60
2015-05-21,0.70
2015-05-28,0.60
2015-06-04,0.60
2015-06-11,0.60
2015-06-18,0.70
2015-06-25,0.70
2015-07-02,0.60
2015-07-09,0.60
2015-07-16,0.60
2015-07-23,0.60
2015-07-30,0.60
2015-08-06,0.60
2015-08-13,0.60
2015-08-20,0.60
2015-08-27,0.60
2015-09-03,0.60
2015-09-10,0.60
2015-09-17,0.60
2015-09-24,0.70
2015-10-01,0.60
2015-10-08,0.60
2015-10-15,0.60
2015-10-22,0.60
2015-10-29,0.60
2015-11-05,0.60
2015-11-12,0.60
2015-11-19,0.60
2015-11-25,0.70
2015-11-26,.
2015-12-03,0.60
2015-12-10,0.60
2015-12-17,0.60
2015-12-24,0.60
2015-12-31,0.60
2016-01-07,0.6
2016-01-14,0.60
2016-01-21,0.60
2016-01-28,0.60
2016-02-04,0.60
2016-02-11,0.50
2016-02-18,0.50
2016-02-25,0.60
2016-03-03,0.50
2016-03-10,0.50
2016-03-17,0.50
2016-03-24,0.50
2016-03-31,0.50
2016-04-07,0.50
2016-04-14,0.50
2016-04-21,0.60
2016-04-28,0.60
2016-05-05,0.60
2016-05-12,0.50
2016-05-19,0.60
2016-05-26,0.50
2016-06-02,0.50
2016-06-09,0.50
2016-06-16,0.50
2016-06-23,0.60
2016-06-30,0.50
2016-07-07,0.50
2016-07-14,0.50
2016-07-21,0.50
2016-07-28,0.50
2016-08-04,0.50
2016-08-11,0.50
2016-08-18,0.50
2016-08-25,0.60
2016-09-01,0.50
2016-09-08,0.60
2016-09-15,0.5
2016-09-22,0.60
2016-09-29,0.50
2016-10-06,0.50
2016-10-13,0.60
2016-10-20,0.50
2016-10-27,0.60
2016-11-03,0.50
2016-11-10,0.50
2016-11-17,0.50
2016-11-23,0.50
2016-11-24,.
2016-12-01,0.50
2016-12-08,0.50
2016-12-15,0.50
2016-12-22,0.50
2016-12-29,0.50
2017-01-05,0.50
2017-01-12,0.50
2017-01-19,0.50
2017-01-26,0.40
2017-02-02,0.50
2017-02-09,0.40
2017-02-16,0.50
2017-02-23,0.50
2017-03-02,0.50
2017-03-09,0.50
2017-03-16,0.50
2017-03-23,0.50
2017-03-30,0.50
2017-04-06,0.50
2017-04-13,0.50
2017-04-20,0.50
2017-04-27,0.50
2017-05-04,0.50
2017-05-11,0.50
2017-05-18,0.50
2017-05-25,0.50
2017-06-01,0.50
2017-06-08,0.50
2017-06-15,0.50
2017-06-22,0.50
2017-06-29,0.50
2017-07-06,0.60
2017-07-13,0.50
2017-07-20,0.60
2017-07-27,0.50
2017-08-03,0.50
2017-08-10,0.50
2017-08-17,0.40
2017-08-24,0.50
2017-08-31,0.50
2017-09-07,0.50
2017-09-14,0.50
2017-09-21,0.50
2017-09-28,0.6
2017-10-05,0.5
2017-10-12,0.5
2017-10-19,0.5
2017-10-26,0.5
2017-11-02,0.5
2017-11-09,0.4
2017-11-16,0.5
2017-11-22,0.5
2017-11-23,.
2017-11-30,0.5
2017-12-07,0.5
2017-12-14,0.5
2017-12-21,0.5
2017-12-28,0.5
2018-01-04,0.5
2018-01-11,0.5
2018-01-18,0.6
2018-01-25,0.5
2018-02-01,0.5
2018-02-08,0.6
2018-02-15,0.6
2018-02-22,0.5
2018-03-01,0.5
2018-03-08,0.5
2018-03-15,0.5
2018-03-22,0.5
2018-03-29,0.5
2018-04-05,0.5
2018-04-12,0.4
2018-04-19,0.5
2018-04-26,0.5
2018-05-03,0.5
2018-05-10,0.5
2018-05-17,0.4
2018-05-24,0.4
2018-05-31,0.4
2018-06-07,0.5
2018-06-14,0.4
2018-06-21,0.5
2018-06-28,0.5
2018-07-05,0.5
2018-07-12,0.4
2018-07-19,0.4
2018-07-26,0.5
2018-08-02,0.4
2018-08-09,0.5
2018-08-16,0.5
2018-08-23,0.5
2018-08-30,0.5
2018-09-06,0.5
2018-09-13,0.5
2018-09-20,0.5
2018-09-27,0.5
2018-10-04,0.4
2018-10-11,0.5
2018-10-18,0.5
2018-10-25,0.5
2018-11-01,0.5
2018-11-08,0.5
2018-11-15,0.5
2018-11-21,0.4
2018-11-22,.
2018-11-29,0.5
2018-12-06,0.5
2018-12-13,0.5
2018-12-20,0.4
2018-12-27,0.5
2019-01-03,0.5
2019-01-10,0.5
2019-01-17,0.4
2019-01-24,0.4
2019-01-31,0.5
2019-02-07,0.4
2019-02-14,0.4
2019-02-21,0.5
2019-02-28,0.5
2019-03-07,0.5
2019-03-14,0.4
2019-03-21,0.4
2019-03-28,0.5
2019-04-04,0.5
2019-04-11,0.5
2019-04-18,0.5
2019-04-25,0.5
2019-05-02,0.5
2019-05-09,0.5
2019-05-16,0.5
2019-05-23,0.5
2019-05-30,0.5
2019-06-06,0.5
2019-06-13,0.6
2019-06-20,0.5
2019-06-27,0.5
2019-07-03,0.6
2019-07-04,.
2019-07-11,0.5
2019-07-18,0.6
2019-07-25,0.5
2019-08-01,0.6
2019-08-08,0.6
2019-08-15,0.5
2019-08-22,0.5
2019-08-29,0.5
2019-09-05,0.5
2019-09-12,0.5
2019-09-19,0.5
2019-09-26,0.6
2019-10-03,0.6
